Recreation Visits,LowestTemperature(F),HighestTemperature(F),WarmestMinimumTemperature(F),ColdestMaximumTemperature(F),AverageMinimumTemperature(F),AverageMaximumTemperature(F),MeanTemperature(F),TotalPrecipitation(In),TotalSnowfall(In),Max 24hrPrecipitation(In),Max 24hrSnowfall(In),Year/Month/Day,3month Percent Change Airfare Costs,3month Percent Change Food Away From Home Costs,3month Percent Change Gasoline Costs,3month Percent Change Jet Fuel Costs,Consumer Price Index,Consumer Sentiment Index,Unemployment Rate
30621,-17,37,23,10,8.9,29.3,19.1,1.09,16.1,0.4,6.5,2016/1/1,-0.3,0.6,-7.3,-23.2,0.2,92,4.9
28091,-17,42,27,2,6.3,29.9,18.1,0.77,8.8,0.23,3,2015/1/1,-3.8,0.8,-28.4,-30.1,-0.5,98.1,5.7
26778,-19,41,26,5,3.8,27.1,15.5,1.28,14.1,0.25,2.5,2014/1/1,-3.6,0.5,4.2,5.7,0.4,81.2,6.6
24699,-22,43,30,6,1.2,23.5,12.3,0.61,11.5,0.17,3.8,2013/1/1,3.8,0.4,-8.1,-0.5,0.3,73.8,8
24766,-14,41,28,14,6.6,29.4,18,1.13,15,0.24,3,2012/1/1,0.5,0.8,0.1,9.1,0.4,75,8.3
24517,2,41,27,12,17.8,30.5,24.1,0.15,5.1,0.07,1.4,2011/1/1,7.7,0.4,10.4,12.7,0.5,74.2,9.1
25595,-31,43,26,3,5.5,30.5,18,0.85,14.3,0.25,3.5,2010/1/1,2.4,0.3,5.9,16,0.3,74.4,9.8
24770,-32,42,24,4,2.9,26.2,14.5,1.03,21.3,0.17,4.1,2009/1/1,-7.5,0.9,-42.2,-43.8,0.4,61.2,7.8
26864,-32,40,18,2,-0.9,22.8,10.9,1.65,29.8,0.43,7,2008/1/1,3.7,0.9,11.1,25.9,0.5,78.4,5
25476,-35,39,28,-5,-3.8,23.5,9.9,0.26,6.4,0.11,2.6,2007/1/1,-1.1,1,4.2,5.3,0.3,96.9,4.6
23989,-7,43,27,24,5.7,31.7,18.7,1.06,18.6,0.32,6.5,2006/1/1,0.3,0.7,-10.8,-19.2,0.8,91.2,4.7
22297,-14,45,22,10,4.8,30.9,17.9,1.51,21,0.5,9.1,2005/1/1,0.5,0.7,-3.4,0.9,0.2,95.5,5.3
22817,-31,40,24,-6,1.9,27.7,14.8,1.95,18,0.48,5.5,2004/1/1,-0.8,0.9,8.3,38.3,0.5,103.8,5.7
36387,-14,42,26,19,4.6,33.4,19,0.9,12.6,0.23,3,2003/1/1,1.3,0.2,8.9,22.6,0.4,82.4,5.8
40465,-22,43,23,10,2.3,26.9,14.6,0.88,15.2,0.18,3.8,2002/1/1,0.1,0.5,-14.1,-4.6,0.2,93,5.7
44356,-19,41,16,14,-3.7,26.4,11.3,0.34,8.5,0.17,2,2001/1/1,1.1,0.6,-1.5,-13.5,0.6,94.7,4.2
37301,-26,48,22,15,-1.5,30.5,14.5,1.13,19.8,0.54,9.4,2000/1/1,-1.4,0.6,5.6,25.3,0.3,112,4
34346,-21,41,19,17,4.3,31,17.6,1.94,30.7,0.68,10,1999/1/1,0.6,0.7,-4.2,-17.3,0.2,103.9,4.3
33845,-15,42,23,2,5.5,30.7,18.1,1.89,35,0.59,12,1998/1/1,-2.6,0.6,-6.8,-8.8,0.2,106.6,4.6
31155,-46,43,28,-8,-5,26.5,10.7,2.5,29.7,0.78,4.8,1997/1/1,-1,0.7,5.4,5.9,0.3,97.4,5.3
32871,-32,41,21,7,-2.3,26.3,12,1.84,31.9,0.45,7.5,1996/1/1,-7.4,0.4,3.8,14.7,0.6,89.3,5.6
40868,-30,43,30,5,2,26.8,14.4,0.98,14.1,0.19,2.5,1995/1/1,-0.2,0.7,-0.4,-0.9,0.4,97.6,5.6
40757,-16,44,22,22,7,33.9,20.4,0.7,11.9,0.13,2,1994/1/1,5.9,0.3,-4.2,-14.6,0.3,94.3,6.6
38100,-22,39,16,9,-3.1,26.1,11.5,1.22,18.5,0.28,4,1993/1/1,8.3,0.5,0.7,-6.7,0.5,89.3,7.3
33552,-17,44,17,14,-1.5,28.2,13.3,0.14,5.5,0.03,1,1992/1/1,3.9,0.5,0.2,-13.8,0.1,67.5,7.3
28851,-33,38,21,1,-1.4,24.6,11.6,0.61,13.2,0.1,2,1991/1/1,4.2,0.7,-5.1,-19.6,0.6,66.8,6.4
25884,-20,43,26,9,3.6,28.5,16.1,1.62,26.3,0.36,4,1990/1/1,0,1,5.8,33.3,1,93,5.4
24328,-22,38,19,4,-1.3,25.2,12,1.6,28.9,0.6,11,1989/1/1,,1.1,0.5,19.3,0.5,97.9,5.4
25706,-30,41,15,7,-6.2,26,9.9,0.89,10.5,0.19,2,1988/1/1,,0.8,-1.7,-8.5,0.3,90.8,5.7
27238,-34,49,25,5,-4.5,24.8,10.1,0.67,12.8,0.21,3,1987/1/1,,1.2,7.2,3.1,0.6,90.4,6.6
24708,-17,48,26,16,2.1,30,16.1,0.95,11.5,0.16,2,1986/1/1,,0.8,2,1,0.3,95.6,6.7
36327,-17,47,32,11,11.4,36.9,24.2,0.42,3.4,0.12,1.5,2016/2/1,-0.4,0.6,-17.4,-30.2,0.1,91.7,4.9
34343,-15,53,32,21,14.2,38.2,26.2,0.39,5,0.11,2.5,2015/2/1,-2.5,0.7,-21.8,-31.2,0.4,95.4,5.5
28233,-39,43,25,-7,3.7,27.3,15.5,1.32,19.5,0.22,4,2014/2/1,-3.3,0.5,3,6.3,0.4,81.6,6.7
31053,-16,44,23,20,6.6,32.4,19.5,0.34,8.5,0.11,2,2013/2/1,4.9,0.4,4.7,8.3,0.8,77.6,7.7
27752,-10,41,22,25,4.7,31.7,18.2,0.85,12.2,0.11,2.5,2012/2/1,2.7,0.7,2.6,2.7,0.4,75.3,8.3
28174,-32,48,21,-2,-3.2,26,11.4,1.25,21.8,0.39,5.8,2011/2/1,6.4,0.5,9.1,20.1,0.5,77.5,9
29108,-14,46,22,23,5.9,34.9,20.4,0.49,8.4,0.15,3,2010/2/1,-1.1,0.2,-1,7.9,0,73.6,9.8
28355,-14,49,30,18,4.2,31.9,18,0.67,14.2,0.42,5.8,2009/2/1,-5.8,0.9,-9.3,-30.5,0.5,56.3,8.3
33557,-8,45,26,23,6.3,32.9,19.6,0.49,12.5,0.1,2.1,2008/2/1,2,1,3.4,12.7,0.3,70.8,4.9
30928,-23,48,26,12,11,34,22.5,1.2,19,0.23,3,2007/2/1,3.9,1.1,6.8,13.2,0.5,91.3,4.5
29011,-34,50,30,0,0.2,29,14.6,0.36,8.2,0.22,3.5,2006/2/1,0,0.8,4.1,8.5,0.2,86.7,4.8
29018,-17,47,25,21,1.4,35.3,18.3,0.26,8.7,0.08,2,2005/2/1,-2.6,0.9,-3.2,-1.5,0.6,94.1,5.4
30030,-17,43,27,22,4,32.3,18.1,0.73,5.8,0.27,1.5,2004/2/1,0,0.9,10.9,34,0.5,94.4,5.6
39494,-32,46,29,8,-0.5,31.9,15.7,0.98,16.5,0.17,2.8,2003/2/1,0.3,0.5,18.8,41.4,0.8,79.9,5.9
52002,-27,50,22,13,-3.2,31.8,14.3,0.4,8.3,0.18,2.4,2002/2/1,2.3,0.7,-4.2,-3.3,0.4,90.7,5.7
48980,-29,43,18,7,3.5,31.2,17.4,0.55,11.5,0.18,3.7,2001/2/1,1.7,0.8,-2,-13.8,0.4,90.6,4.2
47573,-23,50,20,20,3.8,37.4,20.6,0.87,9.9,0.35,5.5,2000/2/1,1.7,0.7,10.4,35.4,0.6,111.3,4.1
41120,-16,50,25,19,4.1,34.3,19.2,1.06,17.4,0.24,3,1999/2/1,5.3,0.7,-4.8,-13.8,0.1,108.1,4.4
43032,-14,43,22,27,6.2,35.6,20.9,0.44,6.3,0.1,2,1998/2/1,4.6,0.6,-8,-9.8,0.2,110.4,4.6
42392,-28,49,22,18,-4.2,32.1,14,1.29,23.8,0.24,4.7,1997/2/1,-3.6,0.6,3.4,10.4,0.3,99.7,5.2
51692,-42,50,33,0,1.6,31.8,16.7,0.68,13.8,0.17,3,1996/2/1,-1.6,0.5,5.8,2,0.3,88.5,5.5
48034,-22,55,33,2,9.3,37,23.2,0.7,9.4,0.17,2.5,1995/2/1,2,0.5,-1.2,-3.7,0.4,95.1,5.4
44946,-22,51,23,11,-3.1,30.9,13.9,1.39,23.5,0.34,7,1994/2/1,1.9,0.3,-1.1,-4.3,0.3,93.2,6.6
44049,-26,45,17,0,-2.7,29.9,13.6,0.79,13.3,0.25,3,1993/2/1,6,0.5,0.2,2.7,0.4,86.6,7.1
40245,-11,50,30,28,8.4,39.8,24.1,0.5,6.8,0.15,2,1992/2/1,2.7,0.5,-1.2,-4.7,0.4,68.8,7.4
38050,-2,52,24,34,9.8,40.1,24.9,0.31,2.6,0.26,1.5,1991/2/1,3.3,0.7,-12.5,-21.9,0.1,70.4,6.6
33285,-30,48,23,12,-1.5,31.8,15.2,0.37,9.8,0.07,1.5,1990/2/1,2.8,1.2,8,18.7,0.5,89.5,5.3
30768,-42,48,19,-25,-6.3,22.7,8.2,0.92,11.1,0.3,3,1989/2/1,,1.3,2.4,17.6,0.4,95.4,5.2
35936,-16,49,20,21,2.6,35.5,19,0.56,11,0.26,4.5,1988/2/1,,0.9,-2.3,-6.6,0.3,91.6,5.7
32559,-15,45,27,19,2.1,35.9,19,0.35,2.1,0.16,1,1987/2/1,,1,14.6,15.6,0.4,90.2,6.6
29684,-21,58,32,13,10.5,33.9,22.2,1.34,24.8,0.39,6,1986/2/1,,0.8,-3.2,-3.7,-0.3,95.9,7.2
22924,-6,54,33,30,17.8,41.8,29.8,1.02,10.6,0.16,2.5,2016/3/1,-0.2,0.7,-10.8,-21.4,0.4,91,5
22989,-12,63,32,19,17.6,48.5,33.1,0.28,1.5,0.13,1,2015/3/1,-1.8,0.6,-10.6,-21.6,0.6,93,5.4
18778,-14,53,34,8,13.8,39.6,26.7,1.76,21,0.49,6,2014/3/1,-1.5,0.6,-1.6,-4.8,0.6,80,6.7
18613,-9,55,32,23,12,39.4,25.7,0.69,9,0.18,2.5,2013/3/1,1.2,0.4,1.5,0.9,0.3,78.6,7.5
20248,-7,64,35,26,20.1,44.5,32.3,1.13,3.9,0.17,2,2012/3/1,0.4,0.7,6.2,4,0.8,76.2,8.2
18728,5,51,28,30,15.7,39.6,27.7,2.02,14.4,0.61,6.7,2011/3/1,4.5,0.7,8.6,21.3,1,67.5,9
21028,3,59,31,38,15.9,46.9,31.4,0.65,1.9,0.44,1.4,2010/3/1,-2.2,0.1,-1.7,4.9,0.4,73.6,9.9
17317,-10,56,30,20,11,38.6,24.8,1.52,20.3,0.5,5.5,2009/3/1,-5.3,0.7,8.1,-21.9,0.2,57.3,8.7
19147,-9,47,20,28,6.8,37.9,22.4,1.72,28.3,0.39,7,2008/3/1,3.8,1.1,2.7,15.6,0.9,69.5,5.1
20225,-15,62,32,24,18.6,48.3,33.4,0.44,1.2,0.39,0.5,2007/3/1,4.1,0.9,5.4,6.1,0.9,88.4,4.4
18879,-13,56,26,26,10.7,39.9,25.3,0.8,11.2,0.25,3.5,2006/3/1,1.1,0.8,3.9,2.1,0.6,88.9,4.7
17324,3,57,31,27,15.4,42,28.7,0.63,12.2,0.2,3,2005/3/1,0.3,0.9,0.9,14.6,0.8,92.6,5.2
20187,-1,65,36,33,18.6,48.1,33.4,0.31,6.2,0.16,2.5,2004/3/1,0.6,0.8,8.4,8.3,0.6,95.8,5.8
17718,-10,58,31,26,14.1,41.9,28,1.64,15.2,0.72,4.8,2003/3/1,0.3,0.5,18.1,53,0.6,77.6,5.9
23305,-21,53,28,21,7.7,36.7,22.2,0.72,13.8,0.23,3.8,2002/3/1,1.9,0.6,8.7,16.9,0.6,95.7,5.7
18485,-6,55,32,30,15.4,44.2,29.8,0.31,8.7,0.07,3,2001/3/1,0.2,0.9,-3.8,-15,0.2,91.5,4.3
20404,-17,57,20,32,4.7,43.3,24,1.2,21.2,0.66,10.5,2000/3/1,7,0.7,16.7,27.9,0.8,107.1,4
23067,-18,59,24,27,8,43.7,25.9,0.42,6.6,0.16,1.6,1999/3/1,9.1,0.7,0.3,11.2,0.3,105.7,4.2
17894,-16,55,33,17,12.3,41.7,27,0.63,7.9,0.19,3.7,1998/3/1,8.2,0.6,-11.1,-11.2,0.2,106.5,4.7
19324,-19,60,23,26,6.1,43.4,24.7,1.08,15.4,0.35,5.7,1997/3/1,-1.5,0.6,-1.5,-3.2,0.3,100,5.2
27162,-15,53,23,7,7.5,39.6,23.5,1.94,33.7,0.47,8,1996/3/1,5.3,0.5,6.7,6.6,0.5,93.7,5.5
21157,-13,55,34,24,12.8,40.2,26.5,1.77,20.4,0.3,6,1995/3/1,7.5,0.7,-1.7,-0.2,0.3,90.3,5.4
27859,-2,60,28,32,12.3,46.4,29.3,1.02,5.5,0.9,4,1994/3/1,0.9,0.3,0,6.9,0.3,91.5,6.5
31768,-11,58,30,31,13.7,44.3,29,1.18,6.3,0.45,1.5,1993/3/1,4.6,0.6,-1,11.5,0.3,85.9,7
19615,2,57,24,38,16.8,49.6,33.2,0.55,6,0.35,4.5,1992/3/1,3.7,0.4,-2,-5.2,0.5,76,7.4
19946,-7,55,30,26,10.2,41.4,25.8,1.16,15,0.34,3,1991/3/1,-2.1,0.5,-16.8,-23.9,0.1,87.7,6.8
19372,-6,55,26,11,12,42.5,27.2,0.8,9.7,0.27,2.5,1990/3/1,5.9,1.5,7.3,4.4,0.5,91.3,5.2
22163,-29,61,30,7,12.9,40.5,26.7,1.91,23.6,0.47,10,1989/3/1,,1.3,4.9,19.6,0.6,94.3,5
18470,-10,55,24,25,7.6,39.9,23.8,1.06,6,0.31,2.5,1988/3/1,,1.1,-2.4,-0.9,0.4,94.6,5.7
12310,-20,60,27,17,11.9,42.4,27.2,0.99,8.6,0.84,6,1987/3/1,,1,13.8,16.9,0.4,90.8,6.6
20165,5,62,29,35,18.6,46.3,32.5,1.18,4.5,0.95,1,1986/3/1,,1,-16.2,-11.8,-0.5,95.1,7.2
59253,18,71,39,40,27.5,55.8,41.7,0.59,0.2,0.25,0.2,2016/4/1,-0.5,0.6,-3.1,-5.2,0.5,89,5
46600,13,71,32,38,23.7,54,38.8,0.96,4.8,0.24,2,2015/4/1,-2.7,0.7,4.2,-11.3,0.2,95.9,5.4
31356,2,65,35,35,23,48.8,35.9,1.57,5.4,0.49,2.2,2014/4/1,2,0.8,-1.5,-8.1,0.3,84.1,6.2
24606,2,64,34,29,19.9,47.8,33.8,1.32,5.9,0.38,2.7,2013/4/1,-2.7,0.6,-3.5,-12.1,-0.1,76.4,7.6
29056,16,77,41,37,26.9,56.3,41.6,2.13,8,0.5,5,2012/4/1,-1.1,0.6,4.3,-4.4,0.3,76.4,8.2
28147,6,55,37,33,19.3,43.1,31.2,1.7,16,0.38,3.5,2011/4/1,0.5,0.8,12.4,13.3,0.6,69.8,9.1
32763,6,72,34,32,21.6,49.9,35.8,1.84,8.7,0.63,2,2010/4/1,0,0.2,-3.9,0.5,0.2,72.2,9.9
24831,-2,67,33,35,22,47.9,35,2.06,22.9,0.28,3.8,2009/4/1,-5.5,0.7,4.7,-15,0.2,65.1,9
24433,-7,63,31,29,14.4,44.1,29.3,0.46,8.4,0.11,2.5,2008/4/1,2.9,1,1.1,12.8,0.6,62.6,5
27798,9,75,35,36,25,52.6,38.8,1.44,9.1,0.3,3.1,2007/4/1,1.4,0.8,11.7,8.8,0.6,87.1,4.5
29381,11,71,33,36,23.4,52.4,37.9,1.66,8.7,0.5,4.8,2006/4/1,0.4,0.7,5.1,11,0.9,87.4,4.7
26116,10,68,29,37,21.8,50.7,36.2,0.48,3.6,0.11,1.2,2005/4/1,4,0.7,8.3,27.1,0.7,87.7,5.2
32434,12,69,38,38,24.7,56.8,40.8,0.76,1.8,0.2,1,2004/4/1,-0.7,0.7,-0.7,-4.9,0.3,94.2,5.6
28877,4,69,35,36,21.1,52.5,36.8,1.67,4.2,0.43,3,2003/4/1,0.3,0.7,-2.6,-16.2,-0.2,86,6
15904,6,64,33,32,21.2,50.1,35.7,1.22,6.6,0.46,5.8,2002/4/1,-0.9,0.5,15.2,9.8,0.6,93,5.9
28341,7,71,36,32,22.8,50,36.4,1.58,22,0.48,5,2001/4/1,-1.5,0.8,-1.9,-4,0.4,88.4,4.4
27869,-6,73,29,43,15.8,54.3,35.1,0.78,1.7,0.22,1.5,2000/4/1,8,0.5,8.4,14,0.1,109.2,3.8
27128,0,64,29,34,16.3,48.2,32.3,1.5,6.6,0.37,2,1999/4/1,9.4,0.6,14.1,37.9,0.7,104.6,4.3
29689,13,71,33,37,22.8,51,36.9,0.26,3.6,0.12,1.7,1998/4/1,5,0.6,-10.1,-9.7,0.2,108.7,4.3
21526,-11,60,28,24,13.5,44.4,29,1.17,5.5,0.38,2,1997/4/1,3,0.6,-5,-16.4,0.1,101.4,5.1
24321,8,66,35,40,22.9,50,36.4,1.2,7.1,0.32,3,1996/4/1,4.6,0.7,7.2,11.3,0.4,92.7,5.6
26147,9,62,34,34,22,47.8,34.9,1.55,14.6,0.73,8,1995/4/1,6.5,0.6,-0.4,5.7,0.3,92.5,5.8
36280,5,75,30,33,20,54.9,37.4,0.94,8.5,0.44,4,1994/4/1,0.4,0.4,1.2,8.4,0.1,92.6,6.4
24013,9,62,31,36,23.2,47,35.1,2.27,22.4,0.41,6,1993/4/1,0.8,0.5,-1.6,7.2,0.3,85.6,7.1
51933,10,76,33,39,23.5,56.6,40.1,1.72,6,0.47,3,1992/4/1,3,0.3,-0.4,11.5,0.1,77.2,7.4
19875,13,61,34,32,21.1,46.7,33.9,2.21,21.5,0.57,5.5,1991/4/1,-6.9,0.7,-11.9,-25.1,0.1,81.8,6.7
29242,4,69,36,35,22.9,54.4,38.6,1.42,3,0.49,2,1990/4/1,6.9,1.5,-0.1,-17.2,0.2,93.9,5.4
25292,0,73,34,33,19.7,51.9,35.8,1.07,3.5,0.34,2,1989/4/1,1.3,1.1,15.8,12.1,0.7,91.5,5.2
22999,4,74,32,34,18.3,54.7,36.5,2.22,14.1,0.5,5,1988/4/1,,1.2,-0.9,0.2,0.5,91.2,5.4
31938,7,77,28,38,19.2,59.7,39.5,0.3,2,0.16,2,1987/4/1,,0.8,6.9,19,0.5,92.8,6.3
21681,6,67,34,40,22.7,53.1,38.3,1.33,3.5,0.48,2,1986/4/1,,1.1,-26,-25.2,-0.2,96.2,7.1
444630,22,73,41,38,31.9,60.4,46.2,1.63,1,0.3,1,2016/5/1,-1.1,0.7,9.7,7.4,0.4,94.7,4.7
386064,19,68,43,44,33.6,58.9,46.3,3.27,1.5,0.93,1,2015/5/1,0.2,0.6,6.4,3.6,0.5,90.7,5.5
310039,20,79,40,45,31.3,63.7,47.5,1.13,1,0.3,1,2014/5/1,4.1,0.7,-3,-11.6,0.3,81.9,6.3
293250,21,77,43,40,32.7,62.3,47.5,1.3,0,0.47,0,2013/5/1,-4.4,0.7,-11.5,-24.8,0.2,84.5,7.5
268251,18,78,46,43,29.3,60.3,44.8,3.24,9.8,0.68,6.2,2012/5/1,-3.7,0.7,-4.1,-12.6,-0.1,79.3,8.2
207842,16,69,40,41,29.8,54,41.9,2.75,3,0.78,3,2011/5/1,-3.9,0.8,12.4,9.3,0.5,74.3,9
250445,10,74,39,36,25.7,54.2,40,1.74,4.9,0.44,3.5,2010/5/1,1.8,0.2,-3.4,-1.3,0.1,73.6,9.6
261763,19,80,41,41,29.7,62.4,46,0.84,0.1,0.29,0.1,2009/5/1,-3.9,0.5,1.7,-12.2,0.3,68.7,9.4
217938,20,77,36,39,29.7,56.4,43,1.74,3.5,0.56,2,2008/5/1,6.4,1,4.6,22.2,0.8,59.8,5.4
264203,21,78,43,40,30.4,65.5,48,0.65,0,0.39,0,2007/5/1,-0.1,0.6,15.4,3.3,0.6,88.3,4.4
230762,14,79,41,47,27.3,63.9,45.6,0.94,0.5,0.34,0.5,2006/5/1,2.3,0.8,8.2,9.2,0.5,79.1,4.6
225811,13,71,42,43,30.4,58.7,44.6,1.38,1.3,0.35,1.3,2005/5/1,5.3,0.6,-0.9,0.6,-0.1,86.9,5.1
216905,15,74,43,43,30.7,58.8,44.7,1.96,1,0.56,1,2004/5/1,-2.2,0.6,2.4,3.6,0.6,90.2,5.6
206245,11,87,43,42,27.3,61.6,44.5,1.67,4.1,0.44,1.5,2003/5/1,0.7,0.4,-19.9,-32.9,-0.2,92.1,6.1
228642,13,80,41,37,27.1,59.1,43.1,1.83,3.8,0.43,1.9,2002/5/1,1,0.3,16.9,16.4,0,96.9,5.8
229085,12,81,43,42,28.4,64.6,46.5,1.91,0,0.5,0,2001/5/1,-1.9,0.8,8.4,-1.7,0.5,92,4.3
214814,15,71,36,42,24.5,60.9,43,2.8,0.2,0.4,0.2,2000/5/1,4.8,0.4,3.2,-6.8,0.1,110.7,4
203727,11,78,37,39,25.9,57.9,41.9,1.57,2.7,0.48,1.5,1999/5/1,4.2,0.5,14.6,29.9,0,106.8,4.2
222385,21,75,42,44,28.7,63,45.8,0.65,0,0.22,0,1998/5/1,-0.8,0.6,-5,-9.4,0.2,106.5,4.4
191985,16,76,42,35,29.9,61.4,45.7,0.86,2.7,0.26,2.7,1997/5/1,4.5,0.4,-8.5,-18.2,-0.1,103.2,4.9
187045,18,72,38,40,28.7,55.3,42,3.58,6,0.59,2.7,1996/5/1,0.4,0.7,8.2,26.9,0.2,89.4,5.6
201797,9,74,36,39,26.9,59.1,43,0.85,0,0.35,0,1995/5/1,5.4,0.7,0.7,8.2,0.2,89.8,5.6
233737,21,78,41,51,29.9,66.5,48.2,1.65,0.1,0.4,0.1,1994/5/1,-5.1,0.5,-2.4,-2.2,0.1,92.8,6.1
191222,20,80,40,42,31,64.5,47.8,2.28,1.5,0.45,1,1993/5/1,1.1,0.5,-3.5,4.1,0.1,80.3,7.1
257951,18,80,43,47,29.8,66.9,48.3,2.21,0,1.13,0,1992/5/1,0.5,0.3,1,6,0.1,79.2,7.6
188798,13,73,35,37,28.5,58.2,43.3,3.83,8,1.05,4,1991/5/1,-7.8,0.9,-3.2,-18.9,0.3,78.3,6.9
203712,11,73,41,40,27.3,55.8,41.5,2.22,2.5,0.5,2,1990/5/1,5.6,1.4,-1.4,-13.1,0.2,90.6,5.4
216163,18,72,37,43,28.1,59.4,43.8,3.18,2,0.58,1,1989/5/1,1.5,1.1,16,11.8,0.6,90.7,5.2
175285,13,79,36,36,26.2,63.6,44.9,2.51,9,0.79,4,1988/5/1,,1.1,-0.6,1.6,0.3,94.8,5.6
185705,19,80,43,43,31.6,64.8,48.2,2.78,0,0.51,0,1987/5/1,,0.8,-0.9,11.2,0.4,91.1,6.3
147767,19,84,33,40,26.9,60.9,43.9,0.62,1.3,0.16,1,1986/5/1,,1.3,-21.1,-30.4,0.3,94.8,7.2
838316,29,86,46,61,38.9,76.1,57.5,0.61,0,0.28,0,2016/6/1,-1.6,0.6,10.7,21.2,0.3,93.5,4.9
780768,33,90,52,63,40.1,76.2,58.1,1.51,0,0.43,0,2015/6/1,1.9,0.7,5.4,-2.4,0.4,96.1,5.3
669642,29,75,48,52,36.3,66.8,51.6,2.61,0,1.13,0,2014/6/1,2.1,0.6,-0.5,-8.3,0.2,82.5,6.1
624429,25,87,48,48,36.4,72.4,54.4,0.82,0,0.2,0,2013/6/1,-7.1,0.7,-4.8,-14.5,0.2,84.1,7.5
671825,25,88,45,49,36,72.9,54.5,1.33,0,0.65,0,2012/6/1,-6.7,0.7,-8.7,-18.8,-0.1,73.2,8.2
634316,25,85,43,51,36,66.3,51.1,1.98,0,0.9,0,2011/6/1,-3.8,0.8,3.2,-2.8,-0.1,71.5,9.1
694841,26,85,50,51,36.4,67.2,51.8,2.66,0,0.48,0,2010/6/1,2.3,0.4,-4.4,-5,-0.1,76,9.4
643844,19,83,49,50,34.6,64.9,49.8,2.28,0,0.41,0,2009/6/1,-3.1,0.4,27.7,29.8,0.9,70.8,9.5
593405,25,86,41,44,33.5,66.7,50.1,0.4,0,0.17,0,2008/6/1,7.4,1.2,15.2,17.4,1,56.4,5.6
609606,26,90,44,51,35.9,74.1,55,1.21,0,0.86,0,2007/6/1,-0.4,0.9,8.2,-5.4,0.2,85.3,4.6
557213,26,87,47,57,35,73.7,54.3,1.62,0,0.42,0,2006/6/1,2.8,0.8,9.5,19.6,0.2,84.9,4.6
560014,28,87,42,44,35.4,65.4,50.4,3.61,0,0.53,0,2005/6/1,4.1,0.8,-2.5,1,0.1,96,5
584925,26,84,49,51,36.2,68.7,52.4,1.66,0,0.46,0,2004/6/1,-2.9,0.6,6,-3.1,0.3,95.6,5.6
580919,21,83,42,53,30.6,69.2,49.9,0.94,0,0.52,0,2003/6/1,0.3,0.5,-18.7,-34.5,0.1,89.7,6.3
568144,26,87,46,48,35.5,71.1,53.3,1.91,0,0.5,0,2002/6/1,-0.9,0.6,8.3,7.2,0.1,92.4,5.8
507737,24,85,52,43,36.6,70.7,53.7,1.55,10,0.56,10,2001/6/1,4.5,0.8,9.2,2.4,0.2,92.6,4.5
553892,16,84,39,54,27.9,69.3,48.6,1.76,0,0.5,0,2000/6/1,1.8,0.4,1.5,-9.8,0.5,106.4,4
580624,19,80,39,53,30.3,67.3,48.8,2.08,0,0.45,0,1999/6/1,-5.2,0.2,10.1,26.4,0,107.3,4.3
549396,20,76,44,41,33.2,60.9,47.1,4.15,0.1,0.95,0.1,1998/6/1,-4.7,0.5,1,-8.6,0.1,105.6,4.5
512895,31,83,48,59,41.2,72.3,56.8,2.6,0,0.38,0,1997/6/1,-1.2,0.4,-5.2,-11.5,0.1,104.5,5
539368,21,84,42,58,34.1,74.4,54.3,0.87,0,0.48,0,1996/6/1,2.2,0.7,3.8,6.7,0.1,92.4,5.3
550978,25,82,53,39,38.6,67.9,53.3,1.9,0,0.29,0,1995/6/1,6.3,0.5,3.4,2.6,0.2,92.7,5.6
541704,22,86,49,51,33.5,72.1,52.8,2.62,0,0.75,0,1994/6/1,-6.8,0.5,-0.9,-1.3,0.3,91.2,6.1
525378,24,80,45,48,34.3,64.9,49.6,2.63,0,1.2,0,1993/6/1,0.7,0.6,-4.2,-2.5,0.1,81.5,7
539959,24,83,43,44,34.6,69.8,52.2,5.78,0,1.67,0,1992/6/1,-8.4,0.4,3.1,14.2,0.4,80.4,7.8
499107,26,80,40,61,33.7,71.9,52.8,0.61,0,0.25,0,1991/6/1,-3.5,1,0.4,-8.3,0.3,82.1,6.9
526586,25,95,44,51,32.3,70.2,51.2,1.67,0,0.39,0,1990/6/1,4.9,1.2,0.3,-6.8,0.5,88.3,5.2
467193,24,84,48,56,33.4,70.6,52,1.74,0,0.58,0,1989/6/1,2.5,1.1,11.5,1.2,0.2,90.6,5.3
442400,24,91,46,51,35.8,79.4,57.6,0.76,0,0.26,0,1988/6/1,,1.1,0.1,0,0.4,94.7,5.4
447465,20,83,46,49,33.3,71.2,52.3,2.19,0,0.55,0,1987/6/1,,0.8,1.1,12.4,0.4,91.5,6.2
427968,25,85,43,58,36.2,75.3,55.8,1.93,0,0.56,0,1986/6/1,,1.4,-6.6,-26.7,0.6,99.3,7.2
995917,34,89,48,57,40.5,78.8,59.7,1.11,0,0.48,0,2016/7/1,-2.8,0.6,0.9,26.9,-0.2,90,4.9
980702,30,90,49,62,39.9,76.6,58.3,1.1,0,0.35,0,2015/7/1,2.4,0.5,9.6,5.1,0,93.1,5.2
858856,32,87,54,66,42.7,80.4,61.6,0.96,0,0.31,0,2014/7/1,0.4,0.7,-2.3,-5,0,81.8,6.2
812212,37,91,51,72,43,82.6,62.8,2.06,0,0.66,0,2013/7/1,0.5,0.5,1.3,-4.8,0,85.1,7.3
888335,38,89,55,66,44,83,63.5,2.25,0,0.84,0,2012/7/1,-0.9,0.7,-10,-12.2,-0.2,72.3,8.2
906935,33,88,56,68,41.2,80.7,61,0.83,0,0.26,0,2011/7/1,0.7,0.7,-1.7,0.4,0.1,63.7,9
957785,30,87,50,61,38.9,78,58.5,0.59,0,0.22,0,2010/7/1,2.1,0.2,-1.5,-9,0,67.8,9.4
900515,31,89,51,63,38.5,76.2,57.3,1.39,0,0.6,0,2009/7/1,1.3,0.2,25.7,28.2,-0.2,66,9.5
808110,26,88,43,70,35.7,81.1,58.4,0.47,0,0.24,0,2008/7/1,9.7,1.5,20.8,22,0.5,61.2,5.8
822773,37,96,57,76,45.8,88.5,67.1,1.25,0,0.68,0,2007/7/1,0.1,1.1,5.6,2.3,0,90.4,4.7
738807,25,94,53,72,39.3,82.8,61,2.74,0,0.5,0,2006/7/1,2.9,0.9,9.5,-5.2,0.3,84.7,4.7
743165,31,90,52,69,40.1,80.6,60.3,1,0,0.7,0,2005/7/1,2.5,0.8,5.4,-3,0.5,96.5,5
732682,31,90,54,66,40.5,78.6,59.6,1.73,0,0.66,0,2004/7/1,-3.2,0.9,7.5,12.3,-0.2,96.7,5.5
809689,30,96,51,76,37.9,86.6,62.2,0.65,0,0.39,0,2003/7/1,1.4,0.7,-6.4,-8,0.1,90.9,6.2
794929,32,98,52,73,40.8,84.8,62.8,1.31,0,0.56,0,2002/7/1,-3,0.7,2.3,6,0.1,88.1,5.8
724735,34,90,51,70,41.4,81.2,61.3,1.74,0,0.6,0,2001/7/1,5.6,0.8,-4,-1,-0.3,92.4,4.6
768040,24,92,41,69,31.5,82.3,56.9,0.2,0,0.14,0,2000/7/1,3,0.6,6.4,0.7,0.2,108.3,4
832685,24,92,56,61,30.9,79.4,55.1,0.84,0,0.42,0,1999/7/1,-1.1,0.4,1.8,5.1,0.3,106,4.3
829683,34,92,52,70,40.8,83.2,62,1.43,0,0.3,0,1998/7/1,-1.3,0.6,3.2,-7,0.1,105.2,4.5
774327,33,89,51,59,43.3,77.4,60.3,3.42,0,1.04,0,1997/7/1,-0.2,0.6,-3.7,-5.2,0.1,107.1,4.9
818964,30,89,49,73,37.6,82.6,60.1,0.73,0,0.28,0,1996/7/1,2.8,0.8,-2.3,-5.4,0.2,94.7,5.5
847003,33,89,54,62,44.3,77,60.7,2.07,0,0.4,0,1995/7/1,4.2,0.5,0.7,-0.2,0,94.4,5.7
831152,25,92,47,45,34.6,79.4,57,1.75,0,0.64,0,1994/7/1,-4,0.3,2.2,6,0.3,89,6.1
768164,26,85,43,46,35.2,67.3,51.3,2.51,0,0.88,0,1993/7/1,4.4,0.5,-4.7,-4,0,77,6.9
799411,30,85,45,57,35,71.4,53.2,2.08,0,0.47,0,1992/7/1,-6.6,0.4,3.8,17.5,0.2,76.6,7.7
796656,30,91,46,64,36.6,81.7,59.2,0.75,0,0.27,0,1991/7/1,1.3,0.9,-1.2,-2.9,0.1,82.9,6.8
760520,30,95,47,63,35.9,79.8,57.9,1.12,0,0.49,0,1990/7/1,3.3,1.1,0.3,-8.1,0.4,88.2,5.5
696587,32,93,50,66,39.6,82.4,61,1.77,0,0.34,0,1989/7/1,2.5,1.2,-0.7,-6.5,0.2,92,5.2
636295,25,97,43,74,36.1,85.7,60.9,0.89,0,0.36,0,1988/7/1,,1.2,0.9,0.6,0.4,93.4,5.4
685128,27,84,46,55,37.4,73.6,55.5,4.3,0,0.9,0,1987/7/1,,0.9,2.3,13,0.3,93.7,6.1
663205,,,,,,,,,,,,1986/7/1,,1.1,-1.6,-22.1,0,97.7,7
841036,28,88,50,66,37.8,79.5,58.7,0.48,0,0.21,0,2016/8/1,-2.6,0.6,-1,6.6,0.1,89.8,4.9
854408,27,89,47,58,38.6,77.8,58.2,2.36,0,0.78,0,2015/8/1,-2.2,0.4,-0.2,-15.7,-0.1,91.9,5.1
773357,32,86,50,53,42,72.8,57.4,3.76,0,1.1,0,2014/8/1,-2.8,0.7,-2.6,2.7,-0.2,82.5,6.2
725136,36,91,51,70,41.8,81.8,61.8,0.79,0,0.24,0,2013/8/1,4.7,0.5,2.9,11.4,0.1,82.1,7.3
780286,29,90,48,70,39.2,83.2,61.2,0.69,0,0.36,0,2012/8/1,5.9,0.8,2.2,3.3,0.6,74.3,8.1
805173,33,90,51,72,40.5,82.1,61.3,1.99,0,1.5,0,2011/8/1,8,0.9,-2.7,-4.7,0.3,55.8,9
854837,27,90,49,59,37.5,78.1,57.8,1.74,0,0.54,0,2010/8/1,1.2,0.4,2.2,-6.7,0.1,68.9,9.5
752983,25,91,49,61,37.7,76.8,57.2,2.26,0,0.96,0,2009/8/1,3.3,0.3,26.4,39.3,0.2,65.7,9.6
731063,28,91,47,70,36.5,81.6,59.1,0.33,0,0.19,0,2008/8/1,6.6,1.4,10.1,-10.9,-0.4,63,6.1
710781,32,91,53,67,39.4,80.7,60,1.59,0,0.45,0,2007/8/1,0.5,1.2,-1.7,2,-0.2,83.4,4.6
635666,25,89,44,66,32.8,80.2,56.5,0.56,0,0.19,0,2006/8/1,1.2,0.8,11.1,-1,0.2,82,4.7
647288,20,90,46,55,36.3,76.9,56.6,1.84,0,0.67,0,2005/8/1,1.3,0.8,22.9,13.7,0.5,89.1,4.9
657869,30,88,50,58,37.4,76,56.7,1.57,0,0.43,0,2004/8/1,-3,0.9,1.9,15.6,0.1,95.9,5.4
698753,25,97,51,63,37.3,85,61.1,0.41,0,0.12,0,2003/8/1,1.5,0.6,14.9,4.1,0.4,89.3,6.1
663266,23,85,46,63,32.8,77.7,55.2,1.06,0,0.63,0,2002/8/1,-3.2,0.7,2.7,1.3,0.3,87.6,5.7
613965,30,94,44,68,37.8,85.2,61.5,0.26,0,0.1,0,2001/8/1,2.9,0.9,-14.1,-8,0,91.5,4.9
634104,21,95,39,64,29.6,83,56.3,1.66,0,0.79,0,2000/8/1,3.8,0.7,2.2,11.3,0,107.3,4.1
760062,26,88,49,58,37.3,79.1,58.2,3.46,0,0.61,0,1999/8/1,-1.4,0.6,8.8,19.1,0.2,104.5,4.2
764238,27,91,47,70,37.5,82.1,59.8,0.57,0,0.42,0,1998/8/1,1.4,0.6,-1,-9.3,0.1,104.4,4.5
737973,32,87,53,62,40.5,77.6,59.1,2.25,0,0.51,0,1997/8/1,-3.7,0.7,4.6,-1.2,0.2,104.4,4.8
753934,24,92,42,66,33.8,81.9,57.8,0.96,0,0.4,0,1996/8/1,0.9,0.7,-4.8,-5.8,0.2,95.3,5.1
773307,24,91,57,64,38.5,80.5,59.5,1.42,0,0.29,0,1995/8/1,0.2,0.5,-2,-4.2,0.3,96.2,5.7
731012,25,88,51,70,33.9,84,58.9,0.56,0,0.14,0,1994/8/1,2.9,0.4,9.1,7.2,0.4,91.7,6
714408,20,80,47,62,34.5,72.7,53.6,1.49,0,0.25,0,1993/8/1,2,0.5,-3,-11.1,0.3,77.3,6.8
742879,13,86,47,55,31.8,78.3,55,1.27,0,0.58,0,1992/8/1,-5,0.4,2.3,4.4,0.3,76.1,7.6
721103,30,88,49,74,37.3,82,59.7,1.18,0,0.48,0,1991/8/1,2.8,0.8,-1.7,0.3,0.3,82,6.9
674454,30,93,46,69,36,80.6,58.3,2.35,0,1.03,0,1990/8/1,2.7,0.9,10,5.3,0.9,76.4,5.7
608248,28,92,52,55,36.1,75.2,55.6,1.18,0,0.28,0,1989/8/1,2.5,1,-7,-5,0.2,89.6,5.2
440130,16,91,42,72,30.2,82.2,56.2,0.22,0,0.12,0,1988/8/1,,1.2,3,-6.6,0.4,97.4,5.6
626537,22,85,43,60,34.4,75.1,54.8,1.38,0,0.51,0,1987/8/1,,0.9,6.9,13.8,0.5,94.4,6
614295,31,90,46,59,36.7,78.3,57.5,1.67,0,1,0,1986/8/1,,0.9,-8.6,-22.2,0.2,94.9,6.9
701754,24,87,46,38,34.3,67.1,50.7,2.13,0,0.53,0,2016/9/1,-1.6,0.6,0.4,3.8,0.2,91.2,4.9
680213,25,87,47,54,33.4,73.1,53.2,1.15,0,0.46,0,2015/9/1,-3.6,0.8,-10.1,-13.2,-0.2,87.2,5
571764,18,82,42,47,34.1,69.3,51.7,2.33,0,0.62,0,2014/9/1,-2.8,0.9,-3.2,6.2,0.1,84.6,5.9
557925,25,86,52,43,37.7,69.6,53.7,2.45,0.5,0.83,0.5,2013/9/1,5.6,0.4,1.2,12,0.1,77.5,7.2
527610,22,81,47,65,32.2,75,53.6,1.33,0,0.41,0,2012/9/1,8.5,0.7,12.1,20.6,0.4,78.3,7.8
536349,22,84,41,55,31,74.8,52.9,0.28,0,0.09,0,2011/9/1,6.8,0.8,1.6,-0.6,0.2,59.5,9
550504,23,88,38,56,29.3,72.4,50.9,0.3,0,0.1,0,2010/9/1,0.4,0.6,5.8,4.4,0.1,68.2,9.5
489438,18,84,43,59,31.4,76.5,54,0.1,0,0.04,0,2009/9/1,6.7,0.4,6.2,14.8,0.1,73.5,9.8
437552,19,83,43,52,27.5,68.8,48.1,0.07,0,0.02,0,2008/9/1,0.4,1.5,-0.1,-9.1,-0.1,70.3,6.1
463994,21,88,46,49,32.8,69.6,51.2,0.95,0,0.43,0,2007/9/1,1.4,1.4,1.4,14.5,0.3,83.4,4.7
428369,18,87,41,42,29.6,68.1,48.9,0.56,0,0.22,0,2006/9/1,0.2,0.7,-3,-10.4,-0.5,85.4,4.5
393362,21,84,40,47,28.9,66.9,47.9,1.27,0,0.32,0,2005/9/1,1.3,0.7,45.1,29.2,1.2,76.9,5
406327,19,84,46,45,30.3,67.1,48.7,2.13,0,0.55,0,2004/9/1,-1.9,1,0.6,14.7,0.2,94.2,5.4
404498,15,86,39,45,25.4,69.2,47.3,0.69,0.1,0.14,0.1,2003/9/1,0.8,0.5,22.3,-19.5,0.3,87.7,6.1
413960,12,86,45,53,29.3,71,50.2,1.08,0,0.49,0,2002/9/1,-1.1,0.6,3.3,5.6,0.2,86.1,5.7
373583,22,87,42,50,31.1,74.8,52.9,0.5,0,0.19,0,2001/9/1,-2.7,0.9,-4.5,-9.4,0.5,81.8,5
353728,10,87,38,35,28.7,67.1,47.9,2.21,5,1.6,5,2000/9/1,0,0.8,-0.7,26,0.5,106.8,3.9
445057,4,77,29,40,19.8,65.5,42.7,0.8,0,0.35,0,1999/9/1,1.9,0.7,13.8,17.2,0.5,107.2,4.2
445741,22,90,48,52,33,74.7,53.9,2.03,0,0.58,0,1998/9/1,2.5,0.9,-3.1,-10.7,0.1,100.9,4.6
403184,23,84,43,55,33.6,70.5,52,2.24,0,0.49,0,1997/9/1,-0.6,0.8,5.6,-8.7,0.2,106,4.9
426806,12,84,43,39,25.7,66.2,46,0.98,0,0.28,0,1996/9/1,2,0.8,-3.3,9.9,0.3,94.7,5.2
468062,12,88,50,43,29.1,70.6,49.9,1.46,0,0.56,0,1995/9/1,-5.3,0.5,-5.3,-2,0.2,88.9,5.6
414848,12,84,39,55,24.5,75.3,49.9,1.08,0,0.44,0,1994/9/1,1.6,0.5,7.3,1.1,0.3,91.5,5.9
401124,13,81,35,52,25.8,68.1,47,0.24,0.1,0.1,0.1,1993/9/1,3.5,0.4,-2.7,-9.1,0.2,77.9,6.7
462788,13,82,38,45,24.7,67.6,46.2,1.71,0,0.5,0,1992/9/1,0.5,0.4,-0.2,-4.3,0.3,75.6,7.6
432948,17,84,43,47,28.3,68.2,48.2,1.82,0,0.75,0,1991/9/1,-0.4,0.8,-0.6,2.2,0.4,83,6.9
414563,20,86,46,62,31.3,76.8,54.1,1.07,0,0.38,0,1990/9/1,3.3,0.8,18,44.5,0.8,72.8,5.9
403579,13,82,42,49,27.3,70.2,48.7,0.26,0,0.18,0,1989/9/1,1.6,1.3,-7.4,-1,0.3,95.8,5.3
176833,13,86,33,42,24.7,68,46.4,0.24,0,0.12,0,1988/9/1,,1.2,1.9,-11,0.7,97.3,5.4
361842,17,88,40,53,27,73,50,0.19,0,0.09,0,1987/9/1,,1,3.9,6.7,0.5,93.6,5.9
295089,18,77,35,42,29.2,59.3,44.3,2.24,,0.65,,1986/9/1,,0.8,-9.2,-17.9,0.5,91.9,7
242004,14,72,45,41,31.7,53.4,42.6,2.89,0,0.56,0,2016/10/1,-1.7,0.5,9.1,7.9,0.1,87.2,4.8
252013,18,76,44,42,29.4,61.6,45.5,1.28,0,0.59,0,2015/10/1,-1.1,1,-12,-12.7,0,90,5
194804,20,70,34,40,26,59.2,42.6,1.26,1,0.31,1,2014/10/1,-1.5,0.8,-5.6,-1.2,-0.3,86.9,5.7
47560,11,65,32,34,20.8,50,35.4,1.54,4.3,0.57,4,2013/10/1,1,0.4,-0.5,8.4,-0.3,73.2,7.2
177069,12,73,34,25,21.6,52.9,37.3,1.05,2.5,0.35,2,2012/10/1,1.9,0.6,15.7,19.2,0,82.6,7.8
175433,8,82,39,36,26.4,54.9,40.7,1.01,1.5,0.28,1,2011/10/1,0.7,0.8,0.3,-3.1,-0.2,60.8,8.8
189072,18,83,36,38,26.3,60.9,43.6,1.15,0.4,0.6,0.4,2010/10/1,0.1,0.7,9.1,16.5,0.1,67.7,9.4
123867,1,69,34,27,19.5,44.4,31.9,1.6,8.3,0.55,2.3,2009/10/1,5.9,0.4,8,15,0.1,70.6,10
145488,8,80,39,33,21.2,55.4,38.3,0.61,6.6,0.22,3.1,2008/10/1,-5.4,1.3,-16.7,-28.2,-1,57.6,6.5
139789,20,69,31,38,24.8,52.9,38.9,2.93,11.2,1.04,5.1,2007/10/1,3.1,1.1,1.7,7.9,0.2,80.9,4.7
146790,-2,74,40,28,22.3,52.3,37.3,2.36,3.3,1.1,1.6,2006/10/1,-1.9,0.7,-19.7,-13.9,-0.5,93.6,4.4
142912,12,74,34,37,23.5,57.8,40.7,1.52,3.9,0.61,2.3,2005/10/1,1.8,0.8,25.4,47,0.2,74.2,5
135605,11,71,35,35,25.1,53.1,39.1,1.26,8,0.6,3.5,2004/10/1,0.1,0.9,9.2,21.7,0.5,91.7,5.5
175877,5,78,29,22,19.5,61.8,40.7,1.24,1.5,0.63,0.5,2003/10/1,0.7,0.5,9.4,-7.4,-0.1,89.6,6
142702,-4,65,30,16,14.7,49.7,32.2,1.46,13.3,0.4,3.8,2002/10/1,-0.8,0.6,6.2,16.1,0.2,80.6,5.7
121958,6,80,33,36,20.4,55.3,37.8,1.41,10.7,0.35,5,2001/10/1,-5,0.9,-4.9,-19.6,-0.3,82.7,5.3
139784,9,71,39,44,24,55.9,39.9,1.01,0,0.34,0,2000/10/1,-4.3,0.7,-0.8,15.1,0.2,105.8,3.9
142049,2,73,31,39,14,60.9,37.8,0.82,2.3,0.54,1.8,1999/10/1,0.7,0.7,9,11,0.2,103.2,4.1
150079,,,,,,,,,,,,1998/10/1,-1,0.7,-2,-1.1,0.2,97.4,4.5
120266,9,77,35,32,24.9,52,38.5,1.74,5.3,0.42,2.2,1997/10/1,0.9,0.7,5.3,-1.5,0.2,105.6,4.7
118902,-4,79,28,32,17.4,56.1,36.7,0.72,10.9,0.23,3,1996/10/1,3.7,0.9,-1.1,9.7,0.3,96.5,5.2
128483,4,71,32,31,21.3,49.8,35.5,1.74,5.2,0.48,2.5,1995/10/1,-2.8,0.6,-3.6,-3.2,0.3,90.2,5.5
106646,8,70,35,34,24,53.2,38.6,0.89,2.2,0.45,1.5,1994/10/1,-2.6,0.5,3.6,-5.5,0.1,92.7,5.8
125107,-1,80,39,32,21.1,56.4,38.7,1.02,4.6,0.44,4,1993/10/1,0.7,0.4,3.7,-4.7,0.4,82.7,6.8
159842,7,82,31,38,20.3,59.3,39.8,1.4,4,0.95,3.5,1992/10/1,5,0.4,0.5,-11.2,0.4,73.3,7.3
144944,-15,80,28,20,15.2,55.8,35.5,1.7,24.5,0.67,10,1991/10/1,-2.3,0.6,0.3,3.3,0.1,78.3,7
111145,10,76,36,38,21.3,52.5,36.9,1.79,8.5,0.75,4,1990/10/1,5.2,0.9,25.6,76,0.6,63.9,5.9
123454,11,74,35,31,24.3,52.8,38.6,2.15,2,0.42,2,1989/10/1,1.4,1.1,-5.8,1.6,0.5,93.9,5.3
170504,18,74,38,45,24.1,64.8,44.5,0.15,0,0.1,0,1988/10/1,,1.1,-0.5,-16.1,0.3,94.1,5.4
122637,4,78,30,46,15.4,62.1,38.7,0,0,0,0,1987/10/1,,0.9,1.9,1.7,0.3,89.3,6
94106,5,69,31,40,19.3,56.9,38.1,0.79,0,0.26,0,1986/10/1,,0.9,-5.2,-9.5,0.1,95.6,7
24710,6,59,34,29,21.2,45.1,33.1,1.1,6.4,0.46,3.5,2016/11/1,-2.7,0.4,12.2,21.7,-0.2,93.8,4.6
11049,-18,51,42,10,8.4,31.3,19.9,2.19,15.5,1.33,6,2015/11/1,0.6,0.9,-8.6,1.9,-0.2,91.3,5
11537,-18,66,38,6,11.7,35.9,23.8,2.01,15.3,0.74,6,2014/11/1,-1.7,0.9,-8,-6.9,-0.5,88.8,5.8
11169,-7,52,32,20,15.4,38.4,26.9,1.04,12.6,0.36,4,2013/11/1,-0.6,0.5,-0.8,2.5,-0.2,75.1,6.9
14059,-2,61,35,19,17.7,42.1,29.9,0.85,8.8,0.2,3,2012/11/1,-3.3,0.4,1.6,4.7,-0.5,82.7,7.7
12198,-8,53,22,17,9.3,35.2,22.3,1.92,22.1,0.69,9,2011/11/1,-5.7,0.7,0.8,7.9,-0.1,63.7,8.6
16819,-22,65,38,3,11.9,35,23.4,2.67,40.7,0.66,9.5,2010/11/1,2.5,0.5,10.3,16.8,0,71.6,9.8
9397,0,62,29,27,13,41.5,27.2,0.8,4.6,0.3,2,2009/11/1,7.7,0.4,6.5,10.1,0.1,67.4,9.9
12671,3,64,34,30,19.8,43.3,31.5,1.46,9.2,0.5,3.5,2008/11/1,-9.9,1.4,-39.9,-27.1,-1.9,55.3,6.8
15362,-20,58,34,20,10.5,41.4,26,0.79,9.9,0.51,8,2007/11/1,4.7,1,13.4,24,0.6,76.1,4.7
12382,-10,58,42,11,16.8,39.5,28.2,1.27,11.7,0.55,2.5,2006/11/1,-5.6,0.7,-22.8,-22.5,-0.1,92.1,4.5
11505,-6,53,36,22,13.9,37.4,25.6,2.11,20.8,0.42,4.2,2005/11/1,1.9,0.7,-4.4,13.5,-0.8,81.6,5
13939,-17,57,24,17,11.9,39.7,25.8,0.37,6,0.27,4.5,2004/11/1,4.8,0.6,13.7,17.7,0.1,92.8,5.4
7967,-18,50,26,15,4.3,33.2,18.8,0.73,14.4,0.18,3.3,2003/11/1,-0.4,0.7,-0.4,-2.7,-0.3,93.7,5.8
11235,-12,52,26,13,7.7,36.3,22,1.1,13.6,0.45,5,2002/11/1,-1,0.6,4.5,10.4,0,84.2,5.9
19585,-5,60,30,20,16.9,43.9,30.4,1.09,7.3,0.3,2.8,2001/11/1,-5.9,0.6,-13.5,-19.3,-0.2,83.9,5.5
13422,-17,48,26,15,0.7,30.8,15.7,0.22,8,0.11,2,2000/11/1,-5,0.5,4.4,16.2,0.1,107.6,3.9
16230,-9,66,26,29,10.7,49.4,30.1,0.31,2.7,0.1,1,1999/11/1,4.2,0.5,2.3,6,0.1,107.2,4.1
9106,2,51,28,25,17.4,39.3,28.3,2.36,16.3,0.62,4.8,1998/11/1,-3.4,0.7,-1,-0.7,0,102.7,4.4
9983,-5,57,25,25,12.7,39.7,26.2,0.48,6,0.19,2,1997/11/1,1.8,0.8,-1.6,-1.3,-0.1,107.2,4.6
10473,-8,52,29,26,9.7,39.3,24.5,2.24,10.3,0.68,2,1996/11/1,4.8,1,2.7,-0.1,0.2,99.2,5.4
11635,-7,54,33,22,17.2,40.7,29,1.37,13.5,0.31,3,1995/11/1,-0.1,0.5,-3.8,1.3,-0.1,88.2,5.6
7953,-18,47,27,21,2.1,30.7,16.4,1.17,24.1,0.37,6.5,1994/11/1,-5.1,0.6,-0.3,-3.7,0.1,91.6,5.6
18899,-23,50,25,9,2.3,35.4,18.9,0.75,3.8,0.69,2.5,1993/11/1,4.7,0.4,2.4,0.2,0.1,81.2,6.6
8646,-15,47,25,18,5.9,33.6,19.8,1.05,16.8,0.37,5,1992/11/1,11.3,0.4,1.6,-11.2,0.1,85.3,7.4
6261,-19,46,27,10,5.4,31.3,18.3,1.6,20,0.33,4,1991/11/1,-3.3,0.5,0.2,0.2,0.3,69.1,7
8117,-6,61,30,21,14.9,41.1,28,0.56,8.5,0.15,3,1990/11/1,6.3,0.9,16.2,52.8,0.2,66,6.2
6791,-8,56,32,24,14.3,39.5,26.9,0.76,7.5,0.19,2,1989/11/1,0.4,1.2,-3.4,4,0.2,90.9,5.4
18510,-10,62,38,18,10.7,36.9,23.8,1.47,21.5,0.42,5,1988/11/1,,1,-2.3,-11.3,0.1,93,5.3
19842,-4,57,33,28,11.1,40.7,25.9,0.83,6.5,0.3,5,1987/11/1,,0.9,-0.6,-2.3,0.1,83.1,5.8
6414,-27,52,24,9,4.9,36,20.9,1.28,17.5,0.75,12,1986/11/1,,1.1,-0.7,-0.7,0.1,91.4,6.9
19685,-36,38,16,2,-2.4,20.6,9.1,1.4,25.7,0.76,11.5,2016/12/1,-1.4,0.4,9.8,15.9,0,98.2,4.7
20470,-15,48,34,10,4.6,26.2,15.4,1.47,21.4,0.31,5,2015/12/1,0.7,0.5,-5.5,-8,-0.3,92.6,5
18340,-29,52,32,-9,9.3,31.6,20.4,1.44,22.3,0.57,7,2014/12/1,-2.4,0.8,-16.7,-17.7,-0.6,93.6,5.6
17378,-28,40,30,-4,-0.5,21.7,10.6,1.54,19.8,0.48,4.5,2013/12/1,-0.7,0.5,1.4,5.5,0,82.5,6.7
18472,-23,48,30,10,8.5,30.1,19.3,2.08,21.3,0.38,4,2012/12/1,1.5,0.3,-6.3,-7.3,-0.3,72.9,7.9
16514,-25,42,29,13,-0.3,25.9,12.8,0.94,10.5,0.59,4.5,2011/12/1,-2.4,0.6,-2.8,6.1,-0.2,69.9,8.5
17388,-16,40,28,6,7.6,29.6,18.6,1.9,29.1,0.35,4.5,2010/12/1,5.2,0.3,15.2,19.3,0.2,74.5,9.3
18107,,,,,,,,,,,,2009/12/1,6.3,0.4,4.9,11.3,-0.2,72.5,9.9
16352,-17,42,24,-6,1.3,25.3,13.3,1.71,27.6,0.3,4.7,2008/12/1,-9.8,1.1,-52,-51.5,-1,60.1,7.3
20408,-20,42,27,12,2.4,25.2,13.8,1.35,25.1,0.4,6,2007/12/1,4.9,0.7,11.2,24.4,-0.1,75.5,5
19046,-21,44,30,13,3.8,28.7,16.2,1.17,10.8,0.27,2,2006/12/1,-5,0.8,-4.5,-3.6,0.1,91.7,4.4
16839,,,,,,,,,,,,2005/12/1,0.5,0.7,-20.2,-8.9,-0.4,91.5,4.9
14597,-24,47,31,12,10.1,32.2,21.2,0.56,11.1,0.12,2,2004/12/1,3.3,0.5,9.1,20.7,-0.4,97.1,5.4
12951,-7,43,23,18,6.1,31.4,18.7,1.41,24.3,0.38,5.5,2003/12/1,-1.2,0.8,-4.8,39.7,-0.1,92.6,5.7
19123,-19,42,23,11,5.7,31.8,18.8,0.47,6.9,0.18,1.1,2002/12/1,0.6,0.5,3.4,10.1,-0.2,86.7,6
27716,-15,36,24,17,2.8,27.2,15,1.05,20.2,0.15,3,2001/12/1,-5.6,0.5,-24.2,-29.3,-0.4,88.8,5.7
27302,-20,39,19,5,0.3,27.7,14,0.84,23.4,0.18,4,2000/12/1,-2.7,0.5,-2.8,-1.7,-0.1,98.4,3.9
25286,-16,53,17,18,-3.1,30.1,13.5,2.2,28.4,0.56,4,1999/12/1,5.3,0.6,3.8,15.8,0,105.4,4
25742,-35,46,32,-5,0.8,26.5,13.6,0.92,13.8,0.27,4,1998/12/1,-1.6,0.6,-2.6,-10.5,-0.1,100.5,4.4
24503,-19,41,26,12,0.7,26.7,13.7,0.96,13.9,0.41,4.5,1997/12/1,-1.6,0.8,-5.1,-0.7,-0.1,102.1,4.7
20633,-24,44,28,9,2.8,28.7,15.8,3.05,37,0.38,6,1996/12/1,4.4,1,5.6,0.8,0,96.9,5.4
7814,-14,49,36,15,7.3,32.1,19.7,1.42,10.6,0.36,4,1995/12/1,-6,0.5,-0.6,4.7,-0.1,91,5.6
29251,-15,45,26,11,6.3,30,18.1,1.8,28.4,0.75,11,1994/12/1,-5.3,0.6,0.1,0.7,0,95.1,5.5
29961,-12,49,24,17,0.7,29.7,15.2,0.87,13.9,0.2,3,1993/12/1,7.2,0.3,2,-10.2,0,88.2,6.5
27584,-27,39,21,7,-1.7,24.8,11.5,1.45,24.4,0.5,6,1992/12/1,13.4,0.3,2.1,-10.2,-0.1,91,7.4
23998,-20,45,18,5,-1.7,26.2,12.2,0.93,17.5,0.4,7,1991/12/1,-0.1,0.5,1.2,-5.8,0.1,68.2,7.3
16692,-42,37,12,-27,-11.9,15.6,1.9,1.04,19.1,0.25,5,1990/12/1,6.5,1,7.6,6,0,65.5,6.3
19876,-25,46,25,5,-0.6,25.9,12.7,1.82,35.8,0.73,12,1989/12/1,-0.7,0.9,-1.1,7.5,0.2,90.5,5.4
19045,-20,43,23,6,-0.7,23.9,11.6,0.76,11.6,0.14,3,1988/12/1,,0.9,-1.3,-3.4,0.2,91.9,5.3
19993,-24,48,27,5,0.5,27.4,14,0.83,8.9,0.28,2.8,1987/12/1,,0.8,-0.7,-4.7,0,86.8,5.7
18674,-14,34,18,12,-5.5,24.6,9.5,1.03,10,0.9,9,1986/12/1,,1.1,-2.4,-0.5,0.1,89.1,6.6
